{
  "project_info": {
    "project_number": "325044661980",
    "firebase_url": "https://valyutaapp.firebaseio.com",
    "project_id": "valyutaapp",
    "storage_bucket": "valyutaapp.appspot.com"
  },
  "client": [
    {
      "client_info": {
        "mobilesdk_app_id": "1:325044661980:android:311675ff3ea0db14",
        "android_client_info": {
          "package_name": "com.developer.valyutaapp"
        }
      },
      "oauth_client": [
        {
          "client_id": "325044661980-p1pvmok9urfiu3luc9liro2gs2ev6hpv.apps.googleusercontent.com",
          "client_type": 1,
          "android_info": {
            "package_name": "com.developer.valyutaapp",
            "certificate_hash": "fd381ac296db44ecaefa298bc90f7f0ab2829b67"
          }
        },
        {
          "client_id": "325044661980-gc9d36eamdq9270de9eud4cud83vtlj5.apps.googleusercontent.com",
          "client_type": 3
        }
      ],
      "api_key": [
        {
          "current_key": "AIzaSyAm8orhyatojq6NcCmFJfXBumJUe-LVkXk"
        }
      ],
      "services": {
        "appinvite_service": {
          "other_platform_oauth_client": [
            {
              "client_id": "325044661980-gc9d36eamdq9270de9eud4cud83vtlj5.apps.googleusercontent.com",
              "client_type": 3
            }
          ]
        }
      }
    }
  ],
  "configuration_version": "1"
}